GEO Region,Adjusted Passenger Count,Means
US,659837,58485.87838537175
Asia,86398,13508.552703941337
Europe,48136,12779.055050263283
Canada,39798,9803.79125528914
Mexico,29206,7250.898654708521
Middle East,14769,8658.61214953271
Australia / Oceania,12973,6495.104477611941
Central America,8970,4946.715328467153
South America,3685,2786.011111111111
